{
  "feature_set_name": "PRIMARY_FEATURES",
  "feature_count": 41,
  "correlation_plot": {
    "features_shown": 39,
    "dropped_constant_features": [
      "prior_gp_positive_specimens_24h",
      "prior_gp_positive_specimens_7d"
    ]
  },
  "cohort": {
    "rows": 2506,
    "unique_patients": 2369,
    "unique_admissions": 2506,
    "train_rows": 1764,
    "val_rows": 374,
    "test_rows": 368,
    "train_subjects": 1658,
    "val_subjects": 355,
    "test_subjects": 356
  },
  "labels": {
    "positives": 1246,
    "negatives": 1260
  },
  "models": {
    "logistic_regression": {
      "validation": {
        "threshold": 0.20999999999999996,
        "f1": 0.7957446808510639,
        "precision": 0.6750902527075813,
        "recall": 0.9689119170984456,
        "accuracy": 0.7433155080213903,
        "auroc": 0.7563478659147511,
        "auprc": 0.7059843815820775,
        "brier": 0.1939219008275744,
        "tp": 187,
        "tn": 91,
        "fp": 90,
        "fn": 6,
        "positives": 193,
        "negatives": 181,
        "best_f1_scan": 0.7957446808510639
      },
      "test": {
        "threshold": 0.20999999999999996,
        "f1": 0.7668161434977578,
        "precision": 0.6380597014925373,
        "recall": 0.9606741573033708,
        "accuracy": 0.717391304347826,
        "auroc": 0.79795978710822,
        "auprc": 0.7281197660988437,
        "brier": 0.18214973045477517,
        "tp": 171,
        "tn": 93,
        "fp": 97,
        "fn": 7,
        "positives": 178,
        "negatives": 190
      }
    },
    "xgboost": {
      "validation": {
        "threshold": 0.25999999999999995,
        "f1": 0.7982646420824295,
        "precision": 0.6865671641791045,
        "recall": 0.9533678756476683,
        "accuracy": 0.7513368983957219,
        "auroc": 0.7801935132968826,
        "auprc": 0.709779629524357,
        "brier": 0.18387584960927375,
        "tp": 184,
        "tn": 97,
        "fp": 84,
        "fn": 9,
        "positives": 193,
        "negatives": 181,
        "best_f1_scan": 0.7982646420824295
      },
      "test": {
        "threshold": 0.25999999999999995,
        "f1": 0.7605633802816901,
        "precision": 0.6532258064516129,
        "recall": 0.9101123595505618,
        "accuracy": 0.7228260869565217,
        "auroc": 0.8089739798935541,
        "auprc": 0.7650444394478104,
        "brier": 0.17818176390167165,
        "tp": 162,
        "tn": 104,
        "fp": 86,
        "fn": 16,
        "positives": 178,
        "negatives": 190
      }
    }
  },
  "top_xgb_shap_features": [
    {
      "feature": "lab_platelets_last_24h",
      "mean_abs_shap": 0.6649399995803833
    },
    {
      "feature": "lab_creatinine_last_24h",
      "mean_abs_shap": 0.3552832007408142
    },
    {
      "feature": "lab_platelets_min_24h",
      "mean_abs_shap": 0.32873985171318054
    },
    {
      "feature": "anchor_age",
      "mean_abs_shap": 0.25124824047088623
    },
    {
      "feature": "lab_creatinine_max_24h",
      "mean_abs_shap": 0.19014550745487213
    },
    {
      "feature": "lab_platelets_count_24h",
      "mean_abs_shap": 0.11177140474319458
    },
    {
      "feature": "in_icu_at_alert",
      "mean_abs_shap": 0.09911457449197769
    },
    {
      "feature": "vital_temperature_c_max_24h",
      "mean_abs_shap": 0.06969957053661346
    },
    {
      "feature": "vital_temperature_c_min_24h",
      "mean_abs_shap": 0.0585760772228241
    },
    {
      "feature": "lab_creatinine_count_24h",
      "mean_abs_shap": 0.057991743087768555
    }
  ],
  "top_logistic_features": [
    {
      "feature": "lab_platelets_last_24h",
      "coefficient": -1.8752896565646002,
      "abs_coefficient": 1.8752896565646002
    },
    {
      "feature": "lab_creatinine_max_24h",
      "coefficient": -1.7254051384055717,
      "abs_coefficient": 1.7254051384055717
    },
    {
      "feature": "lab_creatinine_last_24h",
      "coefficient": 1.6833615844513192,
      "abs_coefficient": 1.6833615844513192
    },
    {
      "feature": "lab_platelets_min_24h",
      "coefficient": 1.5446954389407896,
      "abs_coefficient": 1.5446954389407896
    },
    {
      "feature": "lab_platelets_count_24h",
      "coefficient": 0.9070859186924644,
      "abs_coefficient": 0.9070859186924644
    },
    {
      "feature": "vital_heart_rate_count_24h",
      "coefficient": 0.7754946338760234,
      "abs_coefficient": 0.7754946338760234
    },
    {
      "feature": "vital_resp_rate_count_24h",
      "coefficient": -0.6501337839017385,
      "abs_coefficient": 0.6501337839017385
    },
    {
      "feature": "lab_creatinine_count_24h",
      "coefficient": 0.538838043217813,
      "abs_coefficient": 0.538838043217813
    },
    {
      "feature": "in_icu_at_alert",
      "coefficient": -0.3226744824189924,
      "abs_coefficient": 0.3226744824189924
    },
    {
      "feature": "vital_temperature_c_max_24h",
      "coefficient": -0.24834303041421485,
      "abs_coefficient": 0.24834303041421485
    }
  ],
  "top_correlation_pairs": [
    {
      "feature_left": "lab_wbc_last_24h",
      "feature_right": "lab_wbc_min_24h",
      "correlation": 0.9999982614382006,
      "abs_correlation": 0.9999982614382006
    },
    {
      "feature_left": "lab_platelets_last_24h",
      "feature_right": "lab_platelets_min_24h",
      "correlation": 0.9983757415098622,
      "abs_correlation": 0.9983757415098622
    },
    {
      "feature_left": "lab_creatinine_last_24h",
      "feature_right": "lab_creatinine_max_24h",
      "correlation": 0.996480485167429,
      "abs_correlation": 0.996480485167429
    },
    {
      "feature_left": "vital_heart_rate_count_24h",
      "feature_right": "vital_spo2_count_24h",
      "correlation": 0.9955155285504037,
      "abs_correlation": 0.9955155285504037
    },
    {
      "feature_left": "vital_resp_rate_count_24h",
      "feature_right": "vital_spo2_count_24h",
      "correlation": 0.9931604229518475,
      "abs_correlation": 0.9931604229518475
    },
    {
      "feature_left": "vital_heart_rate_count_24h",
      "feature_right": "vital_resp_rate_count_24h",
      "correlation": 0.9921889587756053,
      "abs_correlation": 0.9921889587756053
    },
    {
      "feature_left": "vital_resp_rate_count_24h",
      "feature_right": "vital_map_count_24h",
      "correlation": 0.9536396408378769,
      "abs_correlation": 0.9536396408378769
    },
    {
      "feature_left": "vital_heart_rate_count_24h",
      "feature_right": "vital_map_count_24h",
      "correlation": 0.9522614381769072,
      "abs_correlation": 0.9522614381769072
    },
    {
      "feature_left": "vital_map_count_24h",
      "feature_right": "vital_spo2_count_24h",
      "correlation": 0.9521885677272738,
      "abs_correlation": 0.9521885677272738
    },
    {
      "feature_left": "lab_wbc_last_24h",
      "feature_right": "lab_wbc_max_24h",
      "correlation": 0.9481782673631777,
      "abs_correlation": 0.9481782673631777
    },
    {
      "feature_left": "lab_wbc_min_24h",
      "feature_right": "lab_wbc_max_24h",
      "correlation": 0.9481631510428224,
      "abs_correlation": 0.9481631510428224
    },
    {
      "feature_left": "mechanical_ventilation_chart_events_24h",
      "feature_right": "mechanical_ventilation_24h",
      "correlation": 0.9192961950773566,
      "abs_correlation": 0.9192961950773566
    },
    {
      "feature_left": "lab_lactate_last_24h",
      "feature_right": "lab_lactate_max_24h",
      "correlation": 0.900254382531471,
      "abs_correlation": 0.900254382531471
    },
    {
      "feature_left": "vital_heart_rate_count_24h",
      "feature_right": "vital_temperature_c_count_24h",
      "correlation": 0.8947023247100726,
      "abs_correlation": 0.8947023247100726
    },
    {
      "feature_left": "vital_temperature_c_count_24h",
      "feature_right": "vital_spo2_count_24h",
      "correlation": 0.8933966302659498,
      "abs_correlation": 0.8933966302659498
    }
  ],