{
  "cohort": {
    "rows": 2506,
    "train_rows": 1755,
    "val_rows": 379,
    "test_rows": 372,
    "train_positive": 859,
    "val_positive": 196,
    "test_positive": 191
  },
  "models": {
    "full_features": {
      "logistic_regression": {
        "validation": {
          "threshold": 0.25999999999999995,
          "f1": 0.9822784810126582,
          "precision": 0.9748743718592965,
          "recall": 0.9897959183673469,
          "accuracy": 0.9815303430079155,
          "auroc": 0.9986338797814207,
          "auprc": 0.9987154335415316,
          "brier": 0.0151061483992631,
          "tp": 194,
          "tn": 178,
          "fp": 5,
          "fn": 2,
          "positives": 196,
          "negatives": 183,
          "best_f1_scan": 0.9822784810126581
        },
        "test": {
          "threshold": 0.25999999999999995,
          "f1": 0.9682539682539683,
          "precision": 0.9786096256684492,
          "recall": 0.9581151832460733,
          "accuracy": 0.967741935483871,
          "auroc": 0.9898469815741517,
          "auprc": 0.9914117997066071,
          "brier": 0.02868920024423363,
          "tp": 183,
          "tn": 177,
          "fp": 4,
          "fn": 8,
          "positives": 191,
          "negatives": 181
        }
      },
      "xgboost": {
        "validation": {
          "threshold": 0.30999999999999994,
          "f1": 0.9774436090225563,
          "precision": 0.9605911330049262,
          "recall": 0.9948979591836735,
          "accuracy": 0.9762532981530343,
          "auroc": 0.9958179993308798,
          "auprc": 0.9959898386105975,
          "brier": 0.02337820027629907,
          "tp": 195,
          "tn": 175,
          "fp": 8,
          "fn": 1,
          "positives": 196,
          "negatives": 183,
          "best_f1_scan": 0.9774436090225564
        },
        "test": {
          "threshold": 0.30999999999999994,
          "f1": 0.9816272965879265,
          "precision": 0.9842105263157894,
          "recall": 0.9790575916230366,
          "accuracy": 0.9811827956989247,
          "auroc": 0.9977726996615661,
          "auprc": 0.9979735845443016,
          "brier": 0.020827952948241996,
          "tp": 187,
          "tn": 178,
          "fp": 3,
          "fn": 4,
          "positives": 191,
          "negatives": 181
        }
      }
    },
    "no_organism_features": {
      "logistic_regression": {
        "validation": {
          "threshold": 0.4099999999999999,
          "f1": 0.8258706467661692,
          "precision": 0.8058252427184466,
          "recall": 0.8469387755102041,
          "accuracy": 0.8153034300791556,
          "auroc": 0.8917977026876325,
          "auprc": 0.9015914516203859,
          "brier": 0.1329345952353422,
          "tp": 166,
          "tn": 143,
          "fp": 40,
          "fn": 30,
          "positives": 196,
          "negatives": 183,
          "best_f1_scan": 0.8258706467661691
        },
        "test": {
          "threshold": 0.4099999999999999,
          "f1": 0.868421052631579,
          "precision": 0.873015873015873,
          "recall": 0.8638743455497382,
          "accuracy": 0.8655913978494624,
          "auroc": 0.9400942986896532,
          "auprc": 0.9425324015751068,
          "brier": 0.1014444334162924,
          "tp": 165,
          "tn": 157,
          "fp": 24,
          "fn": 26,
          "positives": 191,
          "negatives": 181
        }
      },
      "xgboost": {
        "validation": {
          "threshold": 0.4699999999999999,
          "f1": 0.8717948717948718,
          "precision": 0.8762886597938144,
          "recall": 0.8673469387755102,
          "accuracy": 0.8680738786279684,
          "auroc": 0.9232742277238764,
          "auprc": 0.9242313644392379,
          "brier": 0.10960710850270612,
          "tp": 170,
          "tn": 159,
          "fp": 24,
          "fn": 26,
          "positives": 196,
          "negatives": 183,
          "best_f1_scan": 0.8717948717948717
        },
        "test": {
          "threshold": 0.4699999999999999,
          "f1": 0.864,
          "precision": 0.8804347826086957,
          "recall": 0.8481675392670157,
          "accuracy": 0.8629032258064516,
          "auroc": 0.9437100459923056,
          "auprc": 0.9489412578918477,
          "brier": 0.0926738607614032,
          "tp": 162,
          "tn": 159,
          "fp": 22,
          "fn": 29,
          "positives": 191,
          "negatives": 181
        }
      }
    }
  }
}