{
  "cohort": {
    "rows": 3251,
    "train_rows": 2269,
    "val_rows": 490,
    "test_rows": 492,
    "train_positive": 759,
    "val_positive": 147,
    "test_positive": 160
  },
  "models": {
    "full_features": {
      "logistic_regression": {
        "validation": {
          "threshold": 0.24999999999999994,
          "f1": 1.0,
          "precision": 1.0,
          "recall": 1.0,
          "accuracy": 1.0,
          "auroc": 0.9999999999999999,
          "auprc": 1.0,
          "brier": 0.0006719537334369175,
          "tp": 147,
          "tn": 343,
          "fp": 0,
          "fn": 0,
          "positives": 147,
          "negatives": 343,
          "best_f1_scan": 1.0
        },
        "test": {
          "threshold": 0.24999999999999994,
          "f1": 0.9907120743034056,
          "precision": 0.9815950920245399,
          "recall": 1.0,
          "accuracy": 0.9939024390243902,
          "auroc": 0.9999623493975904,
          "auprc": 0.99992259987731,
          "brier": 0.0020444574786440133,
          "tp": 160,
          "tn": 329,
          "fp": 3,
          "fn": 0,
          "positives": 160,
          "negatives": 332
        }
      },
      "xgboost": {
        "validation": {
          "threshold": 0.7599999999999999,
          "f1": 1.0,
          "precision": 1.0,
          "recall": 1.0,
          "accuracy": 1.0,
          "auroc": 0.9999999999999999,
          "auprc": 1.0,
          "brier": 0.002209142468597442,
          "tp": 147,
          "tn": 343,
          "fp": 0,
          "fn": 0,
          "positives": 147,
          "negatives": 343,
          "best_f1_scan": 1.0
        },
        "test": {
          "threshold": 0.7599999999999999,
          "f1": 1.0,
          "precision": 1.0,
          "recall": 1.0,
          "accuracy": 1.0,
          "auroc": 1.0,
          "auprc": 1.0,
          "brier": 0.0006762481880038117,
          "tp": 160,
          "tn": 332,
          "fp": 0,
          "fn": 0,
          "positives": 160,
          "negatives": 332
        }
      }
    },
    "no_organism_features": {
      "logistic_regression": {
        "validation": {
          "threshold": 0.5299999999999999,
          "f1": 0.5642633228840125,
          "precision": 0.5232558139534884,
          "recall": 0.6122448979591837,
          "accuracy": 0.7163265306122449,
          "auroc": 0.7258681898415342,
          "auprc": 0.5794143959334888,
          "brier": 0.2072688451783379,
          "tp": 90,
          "tn": 261,
          "fp": 82,
          "fn": 57,
          "positives": 147,
          "negatives": 343,
          "best_f1_scan": 0.5642633228840126
        },
        "test": {
          "threshold": 0.5299999999999999,
          "f1": 0.5606936416184971,
          "precision": 0.521505376344086,
          "recall": 0.60625,
          "accuracy": 0.6910569105691057,
          "auroc": 0.7293109939759035,
          "auprc": 0.5647940745311547,
          "brier": 0.21038457018765394,
          "tp": 97,
          "tn": 243,
          "fp": 89,
          "fn": 63,
          "positives": 160,
          "negatives": 332
        }
      },
      "xgboost": {
        "validation": {
          "threshold": 0.41999999999999993,
          "f1": 0.651685393258427,
          "precision": 0.5550239234449761,
          "recall": 0.7891156462585034,
          "accuracy": 0.746938775510204,
          "auroc": 0.8163463636183335,
          "auprc": 0.7011111915473072,
          "brier": 0.1700866916112286,
          "tp": 116,
          "tn": 250,
          "fp": 93,
          "fn": 31,
          "positives": 147,
          "negatives": 343,
          "best_f1_scan": 0.651685393258427
        },
        "test": {
          "threshold": 0.41999999999999993,
          "f1": 0.6721763085399449,
          "precision": 0.6009852216748769,
          "recall": 0.7625,
          "accuracy": 0.758130081300813,
          "auroc": 0.834149096385542,
          "auprc": 0.7294522185564165,
          "brier": 0.16061200676583717,
          "tp": 122,
          "tn": 251,
          "fp": 81,
          "fn": 38,
          "positives": 160,
          "negatives": 332
        }
      }
    }
  }
}